<application>
  <component name="NodeJsLocalInterpreterManager">
    <local-interpreter path="$USER_HOME$/.nvm/versions/node/v18.6.0/bin/node">
      <version-cache version="18.6.0" last-modified="1657721859000" />
    </local-interpreter>
    <local-interpreter path="$USER_HOME$/.nvm/versions/node/v16.14.0/bin/node">
      <version-cache version="16.14.0" last-modified="1644324317000" />
    </local-interpreter>
    <local-interpreter path="$USER_HOME$/.nvm/versions/node/v15.4.0/bin/node">
      <version-cache last-modified="0" />
    </local-interpreter>
    <local-interpreter path="$USER_HOME$/.nvm/versions/node/v15.3.0/bin/node">
      <version-cache last-modified="0" />
    </local-interpreter>
    <local-interpreter path="$USER_HOME$/.nvm/versions/node/v14.19.0/bin/node">
      <version-cache version="14.19.0" last-modified="1643702261000" />
    </local-interpreter>
    <local-interpreter path="$USER_HOME$/.nvm/versions/node/v14.15.4/bin/node">
      <version-cache last-modified="0" />
    </local-interpreter>
    <local-interpreter path="$USER_HOME$/.nvm/versions/node/v14.15.3/bin/node">
      <version-cache last-modified="0" />
    </local-interpreter>
    <local-interpreter path="$USER_HOME$/.nvm/versions/node/v14.15.0/bin/node">
      <version-cache last-modified="0" />
    </local-interpreter>
    <local-interpreter path="$USER_HOME$/.nvm/versions/node/v12.22.10/bin/node">
      <version-cache version="12.22.10" last-modified="1643741457000" />
    </local-interpreter>
    <local-interpreter path="$USER_HOME$/.nvm/versions/node/v10.24.0/bin/node">
      <version-cache last-modified="0" />
    </local-interpreter>
    <local-interpreter path="$USER_HOME$/.nvm/versions/node/v8.17.0/bin/node">
      <version-cache last-modified="0" />
    </local-interpreter>
  </component>
</application>